{"cameraMode":{"drawMode":0,"name":"Shaded","section":"Shading Mode"},"sceneLighting":true,"audioPlay":false,"sceneViewState":{"showFog":true,"showMaterialUpdate":false,"showSkybox":true,"showFlares":true,"showImageEffects":true,"showParticleSystems":true},"in2DMode":false,"pivot":{"x":6.623703956604004,"y":8.581830978393555,"z":12.929593086242676},"rotation":{"x":-0.0711275190114975,"y":-0.8403820991516113,"z":0.1139470562338829,"w":-0.5253282785415649},"size":8.848240852355957,"orthographic":false}